﻿<?xml version="1.0"?>
<doc>
<assembly>
<name>
PC Toolbox
</name>
</assembly>
<members>
<member name="T:PC_Toolbox.My.Resources.Resources">
<summary>
  A strongly-typed resource class, for looking up localized strings, etc.
</summary>
</member>
<member name="P:PC_Toolbox.My.Resources.Resources.ResourceManager">
<summary>
  Returns the cached ResourceManager instance used by this class.
</summary>
</member>
<member name="P:PC_Toolbox.My.Resources.Resources.Culture">
<summary>
  Overrides the current thread's CurrentUICulture property for all
  resource lookups using this strongly typed resource class.
</summary>
</member>
<member name="P:PC_Toolbox.My.Resources.Resources.logout">
<summary>
  Looks up a localized resource of type System.Drawing.Bitmap.
</summary>
</member>
<member name="P:PC_Toolbox.My.Resources.Resources.reboot">
<summary>
  Looks up a localized resource of type System.Drawing.Bitmap.
</summary>
</member>
<member name="P:PC_Toolbox.My.Resources.Resources.ScriptMarket_v1">
<summary>
  Looks up a localized resource of type System.Drawing.Bitmap.
</summary>
</member>
<member name="P:PC_Toolbox.My.Resources.Resources.SecurityAndMaintenance">
<summary>
  Looks up a localized resource of type System.Drawing.Bitmap.
</summary>
</member>
<member name="P:PC_Toolbox.My.Resources.Resources.shutdown">
<summary>
  Looks up a localized resource of type System.Drawing.Bitmap.
</summary>
</member>
</members>
</doc>
